--
-- PostgreSQL database dump
--

-- Dumped from database version 15.12 (Debian 15.12-1.pgdg120+1)
-- Dumped by pg_dump version 15.12 (Debian 15.12-1.pgdg120+1)

SET statement_timeout = 0;
SET lock_timeout = 0;
SET idle_in_transaction_session_timeout = 0;
SET client_encoding = 'UTF8';
SET standard_conforming_strings = on;
SELECT pg_catalog.set_config('search_path', '', false);
SET check_function_bodies = false;
SET xmloption = content;
SET client_min_messages = warning;
SET row_security = off;

SET default_tablespace = '';

SET default_table_access_method = heap;

--
-- Name: auth_group; Type: TABLE; Schema: public; Owner: myuser
--

CREATE TABLE public.auth_group (
    id integer NOT NULL,
    name character varying(150) NOT NULL
);


ALTER TABLE public.auth_group OWNER TO myuser;

--
-- Name: auth_group_id_seq; Type: SEQUENCE; Schema: public; Owner: myuser
--

ALTER TABLE public.auth_group ALTER COLUMN id ADD GENERATED BY DEFAULT AS IDENTITY (
    SEQUENCE NAME public.auth_group_id_seq
    START WITH 1
    INCREMENT BY 1
    NO MINVALUE
    NO MAXVALUE
    CACHE 1
);


--
-- Name: auth_group_permissions; Type: TABLE; Schema: public; Owner: myuser
--

CREATE TABLE public.auth_group_permissions (
    id bigint NOT NULL,
    group_id integer NOT NULL,
    permission_id integer NOT NULL
);


ALTER TABLE public.auth_group_permissions OWNER TO myuser;

--
-- Name: auth_group_permissions_id_seq; Type: SEQUENCE; Schema: public; Owner: myuser
--

ALTER TABLE public.auth_group_permissions ALTER COLUMN id ADD GENERATED BY DEFAULT AS IDENTITY (
    SEQUENCE NAME public.auth_group_permissions_id_seq
    START WITH 1
    INCREMENT BY 1
    NO MINVALUE
    NO MAXVALUE
    CACHE 1
);


--
-- Name: auth_permission; Type: TABLE; Schema: public; Owner: myuser
--

CREATE TABLE public.auth_permission (
    id integer NOT NULL,
    name character varying(255) NOT NULL,
    content_type_id integer NOT NULL,
    codename character varying(100) NOT NULL
);


ALTER TABLE public.auth_permission OWNER TO myuser;

--
-- Name: auth_permission_id_seq; Type: SEQUENCE; Schema: public; Owner: myuser
--

ALTER TABLE public.auth_permission ALTER COLUMN id ADD GENERATED BY DEFAULT AS IDENTITY (
    SEQUENCE NAME public.auth_permission_id_seq
    START WITH 1
    INCREMENT BY 1
    NO MINVALUE
    NO MAXVALUE
    CACHE 1
);


--
-- Name: auth_user; Type: TABLE; Schema: public; Owner: myuser
--

CREATE TABLE public.auth_user (
    password character varying(128) NOT NULL,
    last_login timestamp with time zone,
    id uuid NOT NULL,
    email character varying(254) NOT NULL,
    username character varying(150) NOT NULL,
    created_at date NOT NULL,
    is_confirmed boolean NOT NULL,
    is_2fa boolean NOT NULL,
    is_active boolean NOT NULL,
    deactivated_at date,
    is_staff boolean NOT NULL,
    is_superuser boolean NOT NULL
);


ALTER TABLE public.auth_user OWNER TO myuser;

--
-- Name: auth_user_groups; Type: TABLE; Schema: public; Owner: myuser
--

CREATE TABLE public.auth_user_groups (
    id bigint NOT NULL,
    user_id uuid NOT NULL,
    group_id integer NOT NULL
);


ALTER TABLE public.auth_user_groups OWNER TO myuser;

--
-- Name: auth_user_groups_id_seq; Type: SEQUENCE; Schema: public; Owner: myuser
--

ALTER TABLE public.auth_user_groups ALTER COLUMN id ADD GENERATED BY DEFAULT AS IDENTITY (
    SEQUENCE NAME public.auth_user_groups_id_seq
    START WITH 1
    INCREMENT BY 1
    NO MINVALUE
    NO MAXVALUE
    CACHE 1
);


--
-- Name: auth_user_user_permissions; Type: TABLE; Schema: public; Owner: myuser
--

CREATE TABLE public.auth_user_user_permissions (
    id bigint NOT NULL,
    user_id uuid NOT NULL,
    permission_id integer NOT NULL
);


ALTER TABLE public.auth_user_user_permissions OWNER TO myuser;

--
-- Name: auth_user_user_permissions_id_seq; Type: SEQUENCE; Schema: public; Owner: myuser
--

ALTER TABLE public.auth_user_user_permissions ALTER COLUMN id ADD GENERATED BY DEFAULT AS IDENTITY (
    SEQUENCE NAME public.auth_user_user_permissions_id_seq
    START WITH 1
    INCREMENT BY 1
    NO MINVALUE
    NO MAXVALUE
    CACHE 1
);


--
-- Name: authtoken_token; Type: TABLE; Schema: public; Owner: myuser
--

CREATE TABLE public.authtoken_token (
    key character varying(40) NOT NULL,
    created timestamp with time zone NOT NULL,
    user_id uuid NOT NULL
);


ALTER TABLE public.authtoken_token OWNER TO myuser;

--
-- Name: django_admin_log; Type: TABLE; Schema: public; Owner: myuser
--

CREATE TABLE public.django_admin_log (
    id integer NOT NULL,
    action_time timestamp with time zone NOT NULL,
    object_id text,
    object_repr character varying(200) NOT NULL,
    action_flag smallint NOT NULL,
    change_message text NOT NULL,
    content_type_id integer,
    user_id uuid NOT NULL,
    CONSTRAINT django_admin_log_action_flag_check CHECK ((action_flag >= 0))
);


ALTER TABLE public.django_admin_log OWNER TO myuser;

--
-- Name: django_admin_log_id_seq; Type: SEQUENCE; Schema: public; Owner: myuser
--

ALTER TABLE public.django_admin_log ALTER COLUMN id ADD GENERATED BY DEFAULT AS IDENTITY (
    SEQUENCE NAME public.django_admin_log_id_seq
    START WITH 1
    INCREMENT BY 1
    NO MINVALUE
    NO MAXVALUE
    CACHE 1
);


--
-- Name: django_content_type; Type: TABLE; Schema: public; Owner: myuser
--

CREATE TABLE public.django_content_type (
    id integer NOT NULL,
    app_label character varying(100) NOT NULL,
    model character varying(100) NOT NULL
);


ALTER TABLE public.django_content_type OWNER TO myuser;

--
-- Name: django_content_type_id_seq; Type: SEQUENCE; Schema: public; Owner: myuser
--

ALTER TABLE public.django_content_type ALTER COLUMN id ADD GENERATED BY DEFAULT AS IDENTITY (
    SEQUENCE NAME public.django_content_type_id_seq
    START WITH 1
    INCREMENT BY 1
    NO MINVALUE
    NO MAXVALUE
    CACHE 1
);


--
-- Name: django_migrations; Type: TABLE; Schema: public; Owner: myuser
--

CREATE TABLE public.django_migrations (
    id bigint NOT NULL,
    app character varying(255) NOT NULL,
    name character varying(255) NOT NULL,
    applied timestamp with time zone NOT NULL
);


ALTER TABLE public.django_migrations OWNER TO myuser;

--
-- Name: django_migrations_id_seq; Type: SEQUENCE; Schema: public; Owner: myuser
--

ALTER TABLE public.django_migrations ALTER COLUMN id ADD GENERATED BY DEFAULT AS IDENTITY (
    SEQUENCE NAME public.django_migrations_id_seq
    START WITH 1
    INCREMENT BY 1
    NO MINVALUE
    NO MAXVALUE
    CACHE 1
);


--
-- Name: django_session; Type: TABLE; Schema: public; Owner: myuser
--

CREATE TABLE public.django_session (
    session_key character varying(40) NOT NULL,
    session_data text NOT NULL,
    expire_date timestamp with time zone NOT NULL
);


ALTER TABLE public.django_session OWNER TO myuser;

--
-- Name: establishments_comments; Type: TABLE; Schema: public; Owner: myuser
--

CREATE TABLE public.establishments_comments (
    id bigint NOT NULL,
    comment text NOT NULL,
    user_id uuid NOT NULL,
    establishment_id bigint NOT NULL,
    raiting integer,
    created_at timestamp with time zone NOT NULL,
    updated_at timestamp with time zone NOT NULL
);


ALTER TABLE public.establishments_comments OWNER TO myuser;

--
-- Name: establishments_comments_images; Type: TABLE; Schema: public; Owner: myuser
--

CREATE TABLE public.establishments_comments_images (
    id bigint NOT NULL,
    image character varying(100) NOT NULL,
    comment_id bigint NOT NULL,
    created_at timestamp with time zone NOT NULL,
    updated_at timestamp with time zone NOT NULL
);


ALTER TABLE public.establishments_comments_images OWNER TO myuser;

--
-- Name: establishments_comments_likes; Type: TABLE; Schema: public; Owner: myuser
--

CREATE TABLE public.establishments_comments_likes (
    id bigint NOT NULL,
    comment_id bigint NOT NULL,
    user_id uuid NOT NULL,
    created_at timestamp with time zone NOT NULL,
    updated_at timestamp with time zone NOT NULL
);


ALTER TABLE public.establishments_comments_likes OWNER TO myuser;

--
-- Name: establishments_establishment; Type: TABLE; Schema: public; Owner: myuser
--

CREATE TABLE public.establishments_establishment (
    id bigint NOT NULL,
    created_at timestamp with time zone NOT NULL,
    updated_at timestamp with time zone NOT NULL,
    name character varying(255),
    address character varying(255),
    phone integer,
    contact_email character varying(255),
    website character varying(255),
    description text,
    has_ramp boolean,
    has_parking boolean,
    has_bathroom boolean,
    has_elevator boolean,
    has_tactical_floor boolean,
    has_signage boolean,
    has_braille boolean NOT NULL,
    has_audio boolean NOT NULL,
    has_guide boolean NOT NULL,
    has_guide_dog boolean NOT NULL,
    has_sign_language boolean NOT NULL,
    has_veterans_discounts boolean NOT NULL,
    raiting double precision,
    is_active boolean NOT NULL,
    is_deleted boolean NOT NULL,
    is_verified boolean NOT NULL,
    is_public boolean NOT NULL,
    owner_id uuid NOT NULL,
    has_wifi boolean NOT NULL,
    open_at_on_monday_to_friday integer,
    open_at_on_saturday integer,
    latitude double precision,
    longitude double precision
);


ALTER TABLE public.establishments_establishment OWNER TO myuser;

--
-- Name: COLUMN establishments_establishment.id; Type: COMMENT; Schema: public; Owner: myuser
--

COMMENT ON COLUMN public.establishments_establishment.id IS 'Unix timestamp ID for the model';


--
-- Name: establishments_establishment_photo; Type: TABLE; Schema: public; Owner: myuser
--

CREATE TABLE public.establishments_establishment_photo (
    id bigint NOT NULL,
    created_at timestamp with time zone NOT NULL,
    updated_at timestamp with time zone NOT NULL,
    photo character varying(100) NOT NULL,
    establishment_id bigint NOT NULL
);


ALTER TABLE public.establishments_establishment_photo OWNER TO myuser;

--
-- Name: COLUMN establishments_establishment_photo.id; Type: COMMENT; Schema: public; Owner: myuser
--

COMMENT ON COLUMN public.establishments_establishment_photo.id IS 'Unix timestamp ID for the model';


--
-- Name: otp_totp_totpdevice; Type: TABLE; Schema: public; Owner: myuser
--

CREATE TABLE public.otp_totp_totpdevice (
    id integer NOT NULL,
    name character varying(64) NOT NULL,
    confirmed boolean NOT NULL,
    key character varying(80) NOT NULL,
    step smallint NOT NULL,
    t0 bigint NOT NULL,
    digits smallint NOT NULL,
    tolerance smallint NOT NULL,
    drift smallint NOT NULL,
    last_t bigint NOT NULL,
    user_id uuid NOT NULL,
    throttling_failure_count integer NOT NULL,
    throttling_failure_timestamp timestamp with time zone,
    created_at timestamp with time zone,
    last_used_at timestamp with time zone,
    CONSTRAINT otp_totp_totpdevice_digits_check CHECK ((digits >= 0)),
    CONSTRAINT otp_totp_totpdevice_step_check CHECK ((step >= 0)),
    CONSTRAINT otp_totp_totpdevice_throttling_failure_count_check CHECK ((throttling_failure_count >= 0)),
    CONSTRAINT otp_totp_totpdevice_tolerance_check CHECK ((tolerance >= 0))
);


ALTER TABLE public.otp_totp_totpdevice OWNER TO myuser;

--
-- Name: otp_totp_totpdevice_id_seq; Type: SEQUENCE; Schema: public; Owner: myuser
--

ALTER TABLE public.otp_totp_totpdevice ALTER COLUMN id ADD GENERATED BY DEFAULT AS IDENTITY (
    SEQUENCE NAME public.otp_totp_totpdevice_id_seq
    START WITH 1
    INCREMENT BY 1
    NO MINVALUE
    NO MAXVALUE
    CACHE 1
);


--
-- Data for Name: auth_group; Type: TABLE DATA; Schema: public; Owner: myuser
--

COPY public.auth_group (id, name) FROM stdin;
\.


--
-- Data for Name: auth_group_permissions; Type: TABLE DATA; Schema: public; Owner: myuser
--

COPY public.auth_group_permissions (id, group_id, permission_id) FROM stdin;
\.


--
-- Data for Name: auth_permission; Type: TABLE DATA; Schema: public; Owner: myuser
--

COPY public.auth_permission (id, name, content_type_id, codename) FROM stdin;
1	Can add log entry	1	add_logentry
2	Can change log entry	1	change_logentry
3	Can delete log entry	1	delete_logentry
4	Can view log entry	1	view_logentry
5	Can add permission	2	add_permission
6	Can change permission	2	change_permission
7	Can delete permission	2	delete_permission
8	Can view permission	2	view_permission
9	Can add group	3	add_group
10	Can change group	3	change_group
11	Can delete group	3	delete_group
12	Can view group	3	view_group
13	Can add content type	4	add_contenttype
14	Can change content type	4	change_contenttype
15	Can delete content type	4	delete_contenttype
16	Can view content type	4	view_contenttype
17	Can add session	5	add_session
18	Can change session	5	change_session
19	Can delete session	5	delete_session
20	Can view session	5	view_session
21	Can add Token	6	add_token
22	Can change Token	6	change_token
23	Can delete Token	6	delete_token
24	Can view Token	6	view_token
25	Can add Token	7	add_tokenproxy
26	Can change Token	7	change_tokenproxy
27	Can delete Token	7	delete_tokenproxy
28	Can view Token	7	view_tokenproxy
29	Can add TOTP device	8	add_totpdevice
30	Can change TOTP device	8	change_totpdevice
31	Can delete TOTP device	8	delete_totpdevice
32	Can view TOTP device	8	view_totpdevice
33	Can add Comment	9	add_comment
34	Can change Comment	9	change_comment
35	Can delete Comment	9	delete_comment
36	Can view Comment	9	view_comment
37	Can add Comment Image	10	add_commentimage
38	Can change Comment Image	10	change_commentimage
39	Can delete Comment Image	10	delete_commentimage
40	Can view Comment Image	10	view_commentimage
41	Can add Comment Like	11	add_commentlike
42	Can change Comment Like	11	change_commentlike
43	Can delete Comment Like	11	delete_commentlike
44	Can view Comment Like	11	view_commentlike
45	Can add Establishment	12	add_establishment
46	Can change Establishment	12	change_establishment
47	Can delete Establishment	12	delete_establishment
48	Can view Establishment	12	view_establishment
49	Can add Establishment Photo	13	add_establishmentphoto
50	Can change Establishment Photo	13	change_establishmentphoto
51	Can delete Establishment Photo	13	delete_establishmentphoto
52	Can view Establishment Photo	13	view_establishmentphoto
53	Can add user	14	add_user
54	Can change user	14	change_user
55	Can delete user	14	delete_user
56	Can view user	14	view_user
\.


--
-- Data for Name: auth_user; Type: TABLE DATA; Schema: public; Owner: myuser
--

COPY public.auth_user (password, last_login, id, email, username, created_at, is_confirmed, is_2fa, is_active, deactivated_at, is_staff, is_superuser) FROM stdin;
pbkdf2_sha256$720000$urTVW8CiONVnZCnqYOjVSA$F8o0/mkI19YFy8VpQXDjb2x3yTrSIbxWQABQbvwYjqI=	\N	bf174353-7b7b-4b41-b860-3502db7cc129	user@example.com	admin	2025-04-13	t	f	t	\N	f	f
pbkdf2_sha256$720000$E9U5SnbTujX6rHmzdDtfKp$PYH1WO6sFaBtd2qPCTv+okeofPnMlfyeEm8oqWLNWyY=	\N	b2a5828b-008d-42a6-b81a-576b4669375a	vadym.kuntso1@gmail.com	admin1	2025-04-13	t	f	t	\N	f	f
\.


--
-- Data for Name: auth_user_groups; Type: TABLE DATA; Schema: public; Owner: myuser
--

COPY public.auth_user_groups (id, user_id, group_id) FROM stdin;
\.


--
-- Data for Name: auth_user_user_permissions; Type: TABLE DATA; Schema: public; Owner: myuser
--

COPY public.auth_user_user_permissions (id, user_id, permission_id) FROM stdin;
\.


--
-- Data for Name: authtoken_token; Type: TABLE DATA; Schema: public; Owner: myuser
--

COPY public.authtoken_token (key, created, user_id) FROM stdin;
\.


--
-- Data for Name: django_admin_log; Type: TABLE DATA; Schema: public; Owner: myuser
--

COPY public.django_admin_log (id, action_time, object_id, object_repr, action_flag, change_message, content_type_id, user_id) FROM stdin;
\.


--
-- Data for Name: django_content_type; Type: TABLE DATA; Schema: public; Owner: myuser
--

COPY public.django_content_type (id, app_label, model) FROM stdin;
1	admin	logentry
2	auth	permission
3	auth	group
4	contenttypes	contenttype
5	sessions	session
6	authtoken	token
7	authtoken	tokenproxy
8	otp_totp	totpdevice
9	establishments	comment
10	establishments	commentimage
11	establishments	commentlike
12	establishments	establishment
13	establishments	establishmentphoto
14	users	user
\.


--
-- Data for Name: django_migrations; Type: TABLE DATA; Schema: public; Owner: myuser
--

COPY public.django_migrations (id, app, name, applied) FROM stdin;
1	contenttypes	0001_initial	2025-04-13 09:02:34.1406+00
2	contenttypes	0002_remove_content_type_name	2025-04-13 09:02:34.174997+00
3	auth	0001_initial	2025-04-13 09:02:34.33167+00
4	auth	0002_alter_permission_name_max_length	2025-04-13 09:02:34.385612+00
5	auth	0003_alter_user_email_max_length	2025-04-13 09:02:34.401317+00
6	auth	0004_alter_user_username_opts	2025-04-13 09:02:34.427381+00
7	auth	0005_alter_user_last_login_null	2025-04-13 09:02:34.460694+00
8	auth	0006_require_contenttypes_0002	2025-04-13 09:02:34.470929+00
9	auth	0007_alter_validators_add_error_messages	2025-04-13 09:02:34.490848+00
10	auth	0008_alter_user_username_max_length	2025-04-13 09:02:34.504173+00
11	auth	0009_alter_user_last_name_max_length	2025-04-13 09:02:34.520465+00
12	auth	0010_alter_group_name_max_length	2025-04-13 09:02:34.540489+00
13	auth	0011_update_proxy_permissions	2025-04-13 09:02:34.554575+00
14	auth	0012_alter_user_first_name_max_length	2025-04-13 09:02:34.575213+00
15	users	0001_initial	2025-04-13 09:02:34.723665+00
16	admin	0001_initial	2025-04-13 09:02:34.773499+00
17	admin	0002_logentry_remove_auto_add	2025-04-13 09:02:34.78696+00
18	admin	0003_logentry_add_action_flag_choices	2025-04-13 09:02:34.803418+00
19	authtoken	0001_initial	2025-04-13 09:02:34.841221+00
20	authtoken	0002_auto_20160226_1747	2025-04-13 09:02:34.883053+00
21	authtoken	0003_tokenproxy	2025-04-13 09:02:34.888814+00
22	authtoken	0004_alter_tokenproxy_options	2025-04-13 09:02:34.897974+00
23	establishments	0001_initial	2025-04-13 09:02:35.158271+00
24	establishments	0002_comment_raiting_establishment_has_wifi_and_more	2025-04-13 09:02:35.239482+00
25	establishments	0003_alter_establishment_address_and_more	2025-04-13 09:02:35.425121+00
26	establishments	0004_establishment_latitude_establishment_longitude	2025-04-13 09:02:35.473086+00
27	establishments	0005_comment_created_at_comment_updated_at_and_more	2025-04-13 09:02:35.646926+00
28	otp_totp	0001_initial	2025-04-13 09:02:35.690433+00
29	otp_totp	0002_auto_20190420_0723	2025-04-13 09:02:35.725758+00
30	otp_totp	0003_add_timestamps	2025-04-13 09:02:35.755661+00
31	sessions	0001_initial	2025-04-13 09:02:35.780769+00
\.


--
-- Data for Name: django_session; Type: TABLE DATA; Schema: public; Owner: myuser
--

COPY public.django_session (session_key, session_data, expire_date) FROM stdin;
\.


--
-- Data for Name: establishments_comments; Type: TABLE DATA; Schema: public; Owner: myuser
--

COPY public.establishments_comments (id, comment, user_id, establishment_id, raiting, created_at, updated_at) FROM stdin;
1744537828000	Круто	bf174353-7b7b-4b41-b860-3502db7cc129	1744537602000	5	2025-04-13 09:50:28.476012+00	2025-04-13 09:50:28.476034+00
\.


--
-- Data for Name: establishments_comments_images; Type: TABLE DATA; Schema: public; Owner: myuser
--

COPY public.establishments_comments_images (id, image, comment_id, created_at, updated_at) FROM stdin;
1744537828000	comments/images/material-symbols_reviews-outline-rounded.png	1744537828000	2025-04-13 09:50:28.479971+00	2025-04-13 09:50:28.479984+00
1744537828001	comments/images/photo_2025-02-10_15-03-47.jpg	1744537828000	2025-04-13 09:50:28.503751+00	2025-04-13 09:50:28.503763+00
\.


--
-- Data for Name: establishments_comments_likes; Type: TABLE DATA; Schema: public; Owner: myuser
--

COPY public.establishments_comments_likes (id, comment_id, user_id, created_at, updated_at) FROM stdin;
\.


--
-- Data for Name: establishments_establishment; Type: TABLE DATA; Schema: public; Owner: myuser
--

COPY public.establishments_establishment (id, created_at, updated_at, name, address, phone, contact_email, website, description, has_ramp, has_parking, has_bathroom, has_elevator, has_tactical_floor, has_signage, has_braille, has_audio, has_guide, has_guide_dog, has_sign_language, has_veterans_discounts, raiting, is_active, is_deleted, is_verified, is_public, owner_id, has_wifi, open_at_on_monday_to_friday, open_at_on_saturday, latitude, longitude) FROM stdin;
1744537602000	2025-04-13 09:46:42.498785+00	2025-04-13 09:46:42.498797+00	string	string	0	string	string	string	t	t	t	t	t	t	t	t	t	f	t	t	0	t	f	f	f	bf174353-7b7b-4b41-b860-3502db7cc129	t	0	0	0	0
\.


--
-- Data for Name: establishments_establishment_photo; Type: TABLE DATA; Schema: public; Owner: myuser
--

COPY public.establishments_establishment_photo (id, created_at, updated_at, photo, establishment_id) FROM stdin;
1744537748000	2025-04-13 09:49:08.558302+00	2025-04-13 09:49:08.558318+00	establishments/photos/material-symbols_reviews-outline-rounded.png	1744537602000
1744537748001	2025-04-13 09:49:08.578836+00	2025-04-13 09:49:08.578848+00	establishments/photos/photo_2025-02-10_15-03-47.jpg	1744537602000
\.


--
-- Data for Name: otp_totp_totpdevice; Type: TABLE DATA; Schema: public; Owner: myuser
--

COPY public.otp_totp_totpdevice (id, name, confirmed, key, step, t0, digits, tolerance, drift, last_t, user_id, throttling_failure_count, throttling_failure_timestamp, created_at, last_used_at) FROM stdin;
\.


--
-- Name: auth_group_id_seq; Type: SEQUENCE SET; Schema: public; Owner: myuser
--

SELECT pg_catalog.setval('public.auth_group_id_seq', 1, false);


--
-- Name: auth_group_permissions_id_seq; Type: SEQUENCE SET; Schema: public; Owner: myuser
--

SELECT pg_catalog.setval('public.auth_group_permissions_id_seq', 1, false);


--
-- Name: auth_permission_id_seq; Type: SEQUENCE SET; Schema: public; Owner: myuser
--

SELECT pg_catalog.setval('public.auth_permission_id_seq', 56, true);


--
-- Name: auth_user_groups_id_seq; Type: SEQUENCE SET; Schema: public; Owner: myuser
--

SELECT pg_catalog.setval('public.auth_user_groups_id_seq', 1, false);


--
-- Name: auth_user_user_permissions_id_seq; Type: SEQUENCE SET; Schema: public; Owner: myuser
--

SELECT pg_catalog.setval('public.auth_user_user_permissions_id_seq', 1, false);


--
-- Name: django_admin_log_id_seq; Type: SEQUENCE SET; Schema: public; Owner: myuser
--

SELECT pg_catalog.setval('public.django_admin_log_id_seq', 1, false);


--
-- Name: django_content_type_id_seq; Type: SEQUENCE SET; Schema: public; Owner: myuser
--

SELECT pg_catalog.setval('public.django_content_type_id_seq', 14, true);


--
-- Name: django_migrations_id_seq; Type: SEQUENCE SET; Schema: public; Owner: myuser
--

SELECT pg_catalog.setval('public.django_migrations_id_seq', 31, true);


--
-- Name: otp_totp_totpdevice_id_seq; Type: SEQUENCE SET; Schema: public; Owner: myuser
--

SELECT pg_catalog.setval('public.otp_totp_totpdevice_id_seq', 1, false);


--
-- Name: auth_group auth_group_name_key; Type: CONSTRAINT; Schema: public; Owner: myuser
--

ALTER TABLE ONLY public.auth_group
    ADD CONSTRAINT auth_group_name_key UNIQUE (name);


--
-- Name: auth_group_permissions auth_group_permissions_group_id_permission_id_0cd325b0_uniq; Type: CONSTRAINT; Schema: public; Owner: myuser
--

ALTER TABLE ONLY public.auth_group_permissions
    ADD CONSTRAINT auth_group_permissions_group_id_permission_id_0cd325b0_uniq UNIQUE (group_id, permission_id);


--
-- Name: auth_group_permissions auth_group_permissions_pkey; Type: CONSTRAINT; Schema: public; Owner: myuser
--

ALTER TABLE ONLY public.auth_group_permissions
    ADD CONSTRAINT auth_group_permissions_pkey PRIMARY KEY (id);


--
-- Name: auth_group auth_group_pkey; Type: CONSTRAINT; Schema: public; Owner: myuser
--

ALTER TABLE ONLY public.auth_group
    ADD CONSTRAINT auth_group_pkey PRIMARY KEY (id);


--
-- Name: auth_permission auth_permission_content_type_id_codename_01ab375a_uniq; Type: CONSTRAINT; Schema: public; Owner: myuser
--

ALTER TABLE ONLY public.auth_permission
    ADD CONSTRAINT auth_permission_content_type_id_codename_01ab375a_uniq UNIQUE (content_type_id, codename);


--
-- Name: auth_permission auth_permission_pkey; Type: CONSTRAINT; Schema: public; Owner: myuser
--

ALTER TABLE ONLY public.auth_permission
    ADD CONSTRAINT auth_permission_pkey PRIMARY KEY (id);


--
-- Name: auth_user auth_user_email_key; Type: CONSTRAINT; Schema: public; Owner: myuser
--

ALTER TABLE ONLY public.auth_user
    ADD CONSTRAINT auth_user_email_key UNIQUE (email);


--
-- Name: auth_user_groups auth_user_groups_pkey; Type: CONSTRAINT; Schema: public; Owner: myuser
--

ALTER TABLE ONLY public.auth_user_groups
    ADD CONSTRAINT auth_user_groups_pkey PRIMARY KEY (id);


--
-- Name: auth_user_groups auth_user_groups_user_id_group_id_94350c0c_uniq; Type: CONSTRAINT; Schema: public; Owner: myuser
--

ALTER TABLE ONLY public.auth_user_groups
    ADD CONSTRAINT auth_user_groups_user_id_group_id_94350c0c_uniq UNIQUE (user_id, group_id);


--
-- Name: auth_user auth_user_pkey; Type: CONSTRAINT; Schema: public; Owner: myuser
--

ALTER TABLE ONLY public.auth_user
    ADD CONSTRAINT auth_user_pkey PRIMARY KEY (id);


--
-- Name: auth_user_user_permissions auth_user_user_permissions_pkey; Type: CONSTRAINT; Schema: public; Owner: myuser
--

ALTER TABLE ONLY public.auth_user_user_permissions
    ADD CONSTRAINT auth_user_user_permissions_pkey PRIMARY KEY (id);


--
-- Name: auth_user_user_permissions auth_user_user_permissions_user_id_permission_id_14a6b632_uniq; Type: CONSTRAINT; Schema: public; Owner: myuser
--

ALTER TABLE ONLY public.auth_user_user_permissions
    ADD CONSTRAINT auth_user_user_permissions_user_id_permission_id_14a6b632_uniq UNIQUE (user_id, permission_id);


--
-- Name: auth_user auth_user_username_key; Type: CONSTRAINT; Schema: public; Owner: myuser
--

ALTER TABLE ONLY public.auth_user
    ADD CONSTRAINT auth_user_username_key UNIQUE (username);


--
-- Name: authtoken_token authtoken_token_pkey; Type: CONSTRAINT; Schema: public; Owner: myuser
--

ALTER TABLE ONLY public.authtoken_token
    ADD CONSTRAINT authtoken_token_pkey PRIMARY KEY (key);


--
-- Name: authtoken_token authtoken_token_user_id_key; Type: CONSTRAINT; Schema: public; Owner: myuser
--

ALTER TABLE ONLY public.authtoken_token
    ADD CONSTRAINT authtoken_token_user_id_key UNIQUE (user_id);


--
-- Name: django_admin_log django_admin_log_pkey; Type: CONSTRAINT; Schema: public; Owner: myuser
--

ALTER TABLE ONLY public.django_admin_log
    ADD CONSTRAINT django_admin_log_pkey PRIMARY KEY (id);


--
-- Name: django_content_type django_content_type_app_label_model_76bd3d3b_uniq; Type: CONSTRAINT; Schema: public; Owner: myuser
--

ALTER TABLE ONLY public.django_content_type
    ADD CONSTRAINT django_content_type_app_label_model_76bd3d3b_uniq UNIQUE (app_label, model);


--
-- Name: django_content_type django_content_type_pkey; Type: CONSTRAINT; Schema: public; Owner: myuser
--

ALTER TABLE ONLY public.django_content_type
    ADD CONSTRAINT django_content_type_pkey PRIMARY KEY (id);


--
-- Name: django_migrations django_migrations_pkey; Type: CONSTRAINT; Schema: public; Owner: myuser
--

ALTER TABLE ONLY public.django_migrations
    ADD CONSTRAINT django_migrations_pkey PRIMARY KEY (id);


--
-- Name: django_session django_session_pkey; Type: CONSTRAINT; Schema: public; Owner: myuser
--

ALTER TABLE ONLY public.django_session
    ADD CONSTRAINT django_session_pkey PRIMARY KEY (session_key);


--
-- Name: establishments_comments_images establishments_comments_images_pkey; Type: CONSTRAINT; Schema: public; Owner: myuser
--

ALTER TABLE ONLY public.establishments_comments_images
    ADD CONSTRAINT establishments_comments_images_pkey PRIMARY KEY (id);


--
-- Name: establishments_comments_likes establishments_comments_likes_pkey; Type: CONSTRAINT; Schema: public; Owner: myuser
--

ALTER TABLE ONLY public.establishments_comments_likes
    ADD CONSTRAINT establishments_comments_likes_pkey PRIMARY KEY (id);


--
-- Name: establishments_comments establishments_comments_pkey; Type: CONSTRAINT; Schema: public; Owner: myuser
--

ALTER TABLE ONLY public.establishments_comments
    ADD CONSTRAINT establishments_comments_pkey PRIMARY KEY (id);


--
-- Name: establishments_establishment_photo establishments_establishment_photo_pkey; Type: CONSTRAINT; Schema: public; Owner: myuser
--

ALTER TABLE ONLY public.establishments_establishment_photo
    ADD CONSTRAINT establishments_establishment_photo_pkey PRIMARY KEY (id);


--
-- Name: establishments_establishment establishments_establishment_pkey; Type: CONSTRAINT; Schema: public; Owner: myuser
--

ALTER TABLE ONLY public.establishments_establishment
    ADD CONSTRAINT establishments_establishment_pkey PRIMARY KEY (id);


--
-- Name: otp_totp_totpdevice otp_totp_totpdevice_pkey; Type: CONSTRAINT; Schema: public; Owner: myuser
--

ALTER TABLE ONLY public.otp_totp_totpdevice
    ADD CONSTRAINT otp_totp_totpdevice_pkey PRIMARY KEY (id);


--
-- Name: auth_group_name_a6ea08ec_like; Type: INDEX; Schema: public; Owner: myuser
--

CREATE INDEX auth_group_name_a6ea08ec_like ON public.auth_group USING btree (name varchar_pattern_ops);


--
-- Name: auth_group_permissions_group_id_b120cbf9; Type: INDEX; Schema: public; Owner: myuser
--

CREATE INDEX auth_group_permissions_group_id_b120cbf9 ON public.auth_group_permissions USING btree (group_id);


--
-- Name: auth_group_permissions_permission_id_84c5c92e; Type: INDEX; Schema: public; Owner: myuser
--

CREATE INDEX auth_group_permissions_permission_id_84c5c92e ON public.auth_group_permissions USING btree (permission_id);


--
-- Name: auth_permission_content_type_id_2f476e4b; Type: INDEX; Schema: public; Owner: myuser
--

CREATE INDEX auth_permission_content_type_id_2f476e4b ON public.auth_permission USING btree (content_type_id);


--
-- Name: auth_user_email_1c89df09_like; Type: INDEX; Schema: public; Owner: myuser
--

CREATE INDEX auth_user_email_1c89df09_like ON public.auth_user USING btree (email varchar_pattern_ops);


--
-- Name: auth_user_groups_group_id_97559544; Type: INDEX; Schema: public; Owner: myuser
--

CREATE INDEX auth_user_groups_group_id_97559544 ON public.auth_user_groups USING btree (group_id);


--
-- Name: auth_user_groups_user_id_6a12ed8b; Type: INDEX; Schema: public; Owner: myuser
--

CREATE INDEX auth_user_groups_user_id_6a12ed8b ON public.auth_user_groups USING btree (user_id);


--
-- Name: auth_user_user_permissions_permission_id_1fbb5f2c; Type: INDEX; Schema: public; Owner: myuser
--

CREATE INDEX auth_user_user_permissions_permission_id_1fbb5f2c ON public.auth_user_user_permissions USING btree (permission_id);


--
-- Name: auth_user_user_permissions_user_id_a95ead1b; Type: INDEX; Schema: public; Owner: myuser
--

CREATE INDEX auth_user_user_permissions_user_id_a95ead1b ON public.auth_user_user_permissions USING btree (user_id);


--
-- Name: auth_user_username_6821ab7c_like; Type: INDEX; Schema: public; Owner: myuser
--

CREATE INDEX auth_user_username_6821ab7c_like ON public.auth_user USING btree (username varchar_pattern_ops);


--
-- Name: authtoken_token_key_10f0b77e_like; Type: INDEX; Schema: public; Owner: myuser
--

CREATE INDEX authtoken_token_key_10f0b77e_like ON public.authtoken_token USING btree (key varchar_pattern_ops);


--
-- Name: django_admin_log_content_type_id_c4bce8eb; Type: INDEX; Schema: public; Owner: myuser
--

CREATE INDEX django_admin_log_content_type_id_c4bce8eb ON public.django_admin_log USING btree (content_type_id);


--
-- Name: django_admin_log_user_id_c564eba6; Type: INDEX; Schema: public; Owner: myuser
--

CREATE INDEX django_admin_log_user_id_c564eba6 ON public.django_admin_log USING btree (user_id);


--
-- Name: django_session_expire_date_a5c62663; Type: INDEX; Schema: public; Owner: myuser
--

CREATE INDEX django_session_expire_date_a5c62663 ON public.django_session USING btree (expire_date);


--
-- Name: django_session_session_key_c0390e0f_like; Type: INDEX; Schema: public; Owner: myuser
--

CREATE INDEX django_session_session_key_c0390e0f_like ON public.django_session USING btree (session_key varchar_pattern_ops);


--
-- Name: establishments_comments_establishment_id_98d17140; Type: INDEX; Schema: public; Owner: myuser
--

CREATE INDEX establishments_comments_establishment_id_98d17140 ON public.establishments_comments USING btree (establishment_id);


--
-- Name: establishments_comments_images_comment_id_cc18748f; Type: INDEX; Schema: public; Owner: myuser
--

CREATE INDEX establishments_comments_images_comment_id_cc18748f ON public.establishments_comments_images USING btree (comment_id);


--
-- Name: establishments_comments_likes_comment_id_c80dc255; Type: INDEX; Schema: public; Owner: myuser
--

CREATE INDEX establishments_comments_likes_comment_id_c80dc255 ON public.establishments_comments_likes USING btree (comment_id);


--
-- Name: establishments_comments_likes_user_id_777ea5c3; Type: INDEX; Schema: public; Owner: myuser
--

CREATE INDEX establishments_comments_likes_user_id_777ea5c3 ON public.establishments_comments_likes USING btree (user_id);


--
-- Name: establishments_comments_user_id_cf7854c0; Type: INDEX; Schema: public; Owner: myuser
--

CREATE INDEX establishments_comments_user_id_cf7854c0 ON public.establishments_comments USING btree (user_id);


--
-- Name: establishments_establishment_owner_id_3c9df35e; Type: INDEX; Schema: public; Owner: myuser
--

CREATE INDEX establishments_establishment_owner_id_3c9df35e ON public.establishments_establishment USING btree (owner_id);


--
-- Name: establishments_establishment_photo_establishment_id_58c663b9; Type: INDEX; Schema: public; Owner: myuser
--

CREATE INDEX establishments_establishment_photo_establishment_id_58c663b9 ON public.establishments_establishment_photo USING btree (establishment_id);


--
-- Name: otp_totp_totpdevice_user_id_0fb18292; Type: INDEX; Schema: public; Owner: myuser
--

CREATE INDEX otp_totp_totpdevice_user_id_0fb18292 ON public.otp_totp_totpdevice USING btree (user_id);


--
-- Name: auth_group_permissions auth_group_permissio_permission_id_84c5c92e_fk_auth_perm; Type: FK CONSTRAINT; Schema: public; Owner: myuser
--

ALTER TABLE ONLY public.auth_group_permissions
    ADD CONSTRAINT auth_group_permissio_permission_id_84c5c92e_fk_auth_perm FOREIGN KEY (permission_id) REFERENCES public.auth_permission(id) DEFERRABLE INITIALLY DEFERRED;


--
-- Name: auth_group_permissions auth_group_permissions_group_id_b120cbf9_fk_auth_group_id; Type: FK CONSTRAINT; Schema: public; Owner: myuser
--

ALTER TABLE ONLY public.auth_group_permissions
    ADD CONSTRAINT auth_group_permissions_group_id_b120cbf9_fk_auth_group_id FOREIGN KEY (group_id) REFERENCES public.auth_group(id) DEFERRABLE INITIALLY DEFERRED;


--
-- Name: auth_permission auth_permission_content_type_id_2f476e4b_fk_django_co; Type: FK CONSTRAINT; Schema: public; Owner: myuser
--

ALTER TABLE ONLY public.auth_permission
    ADD CONSTRAINT auth_permission_content_type_id_2f476e4b_fk_django_co FOREIGN KEY (content_type_id) REFERENCES public.django_content_type(id) DEFERRABLE INITIALLY DEFERRED;


--
-- Name: auth_user_groups auth_user_groups_group_id_97559544_fk_auth_group_id; Type: FK CONSTRAINT; Schema: public; Owner: myuser
--

ALTER TABLE ONLY public.auth_user_groups
    ADD CONSTRAINT auth_user_groups_group_id_97559544_fk_auth_group_id FOREIGN KEY (group_id) REFERENCES public.auth_group(id) DEFERRABLE INITIALLY DEFERRED;


--
-- Name: auth_user_groups auth_user_groups_user_id_6a12ed8b_fk_auth_user_id; Type: FK CONSTRAINT; Schema: public; Owner: myuser
--

ALTER TABLE ONLY public.auth_user_groups
    ADD CONSTRAINT auth_user_groups_user_id_6a12ed8b_fk_auth_user_id FOREIGN KEY (user_id) REFERENCES public.auth_user(id) DEFERRABLE INITIALLY DEFERRED;


--
-- Name: auth_user_user_permissions auth_user_user_permi_permission_id_1fbb5f2c_fk_auth_perm; Type: FK CONSTRAINT; Schema: public; Owner: myuser
--

ALTER TABLE ONLY public.auth_user_user_permissions
    ADD CONSTRAINT auth_user_user_permi_permission_id_1fbb5f2c_fk_auth_perm FOREIGN KEY (permission_id) REFERENCES public.auth_permission(id) DEFERRABLE INITIALLY DEFERRED;


--
-- Name: auth_user_user_permissions auth_user_user_permissions_user_id_a95ead1b_fk_auth_user_id; Type: FK CONSTRAINT; Schema: public; Owner: myuser
--

ALTER TABLE ONLY public.auth_user_user_permissions
    ADD CONSTRAINT auth_user_user_permissions_user_id_a95ead1b_fk_auth_user_id FOREIGN KEY (user_id) REFERENCES public.auth_user(id) DEFERRABLE INITIALLY DEFERRED;


--
-- Name: authtoken_token authtoken_token_user_id_35299eff_fk_auth_user_id; Type: FK CONSTRAINT; Schema: public; Owner: myuser
--

ALTER TABLE ONLY public.authtoken_token
    ADD CONSTRAINT authtoken_token_user_id_35299eff_fk_auth_user_id FOREIGN KEY (user_id) REFERENCES public.auth_user(id) DEFERRABLE INITIALLY DEFERRED;


--
-- Name: django_admin_log django_admin_log_content_type_id_c4bce8eb_fk_django_co; Type: FK CONSTRAINT; Schema: public; Owner: myuser
--

ALTER TABLE ONLY public.django_admin_log
    ADD CONSTRAINT django_admin_log_content_type_id_c4bce8eb_fk_django_co FOREIGN KEY (content_type_id) REFERENCES public.django_content_type(id) DEFERRABLE INITIALLY DEFERRED;


--
-- Name: django_admin_log django_admin_log_user_id_c564eba6_fk_auth_user_id; Type: FK CONSTRAINT; Schema: public; Owner: myuser
--

ALTER TABLE ONLY public.django_admin_log
    ADD CONSTRAINT django_admin_log_user_id_c564eba6_fk_auth_user_id FOREIGN KEY (user_id) REFERENCES public.auth_user(id) DEFERRABLE INITIALLY DEFERRED;


--
-- Name: establishments_comments_likes establishments_comme_comment_id_c80dc255_fk_establish; Type: FK CONSTRAINT; Schema: public; Owner: myuser
--

ALTER TABLE ONLY public.establishments_comments_likes
    ADD CONSTRAINT establishments_comme_comment_id_c80dc255_fk_establish FOREIGN KEY (comment_id) REFERENCES public.establishments_comments(id) DEFERRABLE INITIALLY DEFERRED;


--
-- Name: establishments_comments_images establishments_comme_comment_id_cc18748f_fk_establish; Type: FK CONSTRAINT; Schema: public; Owner: myuser
--

ALTER TABLE ONLY public.establishments_comments_images
    ADD CONSTRAINT establishments_comme_comment_id_cc18748f_fk_establish FOREIGN KEY (comment_id) REFERENCES public.establishments_comments(id) DEFERRABLE INITIALLY DEFERRED;


--
-- Name: establishments_comments establishments_comme_establishment_id_98d17140_fk_establish; Type: FK CONSTRAINT; Schema: public; Owner: myuser
--

ALTER TABLE ONLY public.establishments_comments
    ADD CONSTRAINT establishments_comme_establishment_id_98d17140_fk_establish FOREIGN KEY (establishment_id) REFERENCES public.establishments_establishment(id) DEFERRABLE INITIALLY DEFERRED;


--
-- Name: establishments_comments_likes establishments_comments_likes_user_id_777ea5c3_fk_auth_user_id; Type: FK CONSTRAINT; Schema: public; Owner: myuser
--

ALTER TABLE ONLY public.establishments_comments_likes
    ADD CONSTRAINT establishments_comments_likes_user_id_777ea5c3_fk_auth_user_id FOREIGN KEY (user_id) REFERENCES public.auth_user(id) DEFERRABLE INITIALLY DEFERRED;


--
-- Name: establishments_comments establishments_comments_user_id_cf7854c0_fk_auth_user_id; Type: FK CONSTRAINT; Schema: public; Owner: myuser
--

ALTER TABLE ONLY public.establishments_comments
    ADD CONSTRAINT establishments_comments_user_id_cf7854c0_fk_auth_user_id FOREIGN KEY (user_id) REFERENCES public.auth_user(id) DEFERRABLE INITIALLY DEFERRED;


--
-- Name: establishments_establishment_photo establishments_estab_establishment_id_58c663b9_fk_establish; Type: FK CONSTRAINT; Schema: public; Owner: myuser
--

ALTER TABLE ONLY public.establishments_establishment_photo
    ADD CONSTRAINT establishments_estab_establishment_id_58c663b9_fk_establish FOREIGN KEY (establishment_id) REFERENCES public.establishments_establishment(id) DEFERRABLE INITIALLY DEFERRED;


--
-- Name: establishments_establishment establishments_establishment_owner_id_3c9df35e_fk_auth_user_id; Type: FK CONSTRAINT; Schema: public; Owner: myuser
--

ALTER TABLE ONLY public.establishments_establishment
    ADD CONSTRAINT establishments_establishment_owner_id_3c9df35e_fk_auth_user_id FOREIGN KEY (owner_id) REFERENCES public.auth_user(id) DEFERRABLE INITIALLY DEFERRED;


--
-- Name: otp_totp_totpdevice otp_totp_totpdevice_user_id_0fb18292_fk_auth_user_id; Type: FK CONSTRAINT; Schema: public; Owner: myuser
--

ALTER TABLE ONLY public.otp_totp_totpdevice
    ADD CONSTRAINT otp_totp_totpdevice_user_id_0fb18292_fk_auth_user_id FOREIGN KEY (user_id) REFERENCES public.auth_user(id) DEFERRABLE INITIALLY DEFERRED;


--
-- PostgreSQL database dump complete
--

